Name,Demand
1,3900
2,25200
3,24200
4,15300
5,5100
6,26700
7,2500
8,3200
9,1100
10,2300
11,17700
12,2800
13,5700
14,400
15,7800
16,400
17,32100
18,13400
19,4400
20,1700
21,29300
22,500
23,4000
24,3300
25,23400
26,2600
27,17400
28,3000
29,18000
30,13400
31,37900
32,18400
33,2100
34,13500
35,12000
36,23800
37,1700
38,3600
39,4600
40,21600
41,10500
42,3300
43,2400
44,16700
45,34600
46,36400
47,700
48,27700
49,12000
50,4400
51,25700
52,3100
53,3200
54,13500
55,12700
56,4500
57,2900
58,700
59,11000
60,10100
61,35400
62,20700
63,27700
64,32800
65,4200
66,900
67,18500
68,3400
69,2300
70,8500
71,2400
72,27700
73,300
74,4200
75,20600
76,4900
77,15700
78,29400
79,400
80,5400
81,18700
82,2200
83,24200
84,36300
85,19500
86,1500
87,19800
88,4100
89,8200
90,3100
91,4000
92,28600
93,21700
94,33000
95,2300
96,600
97,32700
98,15800
99,15400
100,3700
101,13000
102,1000
103,1200
104,3100
105,4900
106,800
107,16200
108,30100
109,16600
110,22200
111,700
112,4000
113,13800
114,300
115,27100
116,25000
117,11300
118,12200
119,30900
120,3100
121,600
122,27800
123,10100
124,12900
125,5900
126,1600
127,17200
128,1700
129,13100
130,10400
131,7500
132,3700
133,26500
134,15000
135,2000
136,23700
137,3600
138,20500
139,2900
140,21900
141,36200
142,2900
143,3500
144,33200
145,17800
146,39100
147,7400
148,2400
149,9900
150,24800
151,600
152,22600
153,10300
154,2600
155,4500
156,11800
157,3000
158,24000
159,1600
160,25100
161,11000
162,3900
163,2600
164,1300
165,23000
166,1100
167,33800
168,7100
169,15300
170,15200
171,11300
172,15200
173,900
174,12600
175,21000
176,10000
177,34200
178,23100
179,4200
180,1000
181,2800
182,5200
183,3900
184,900
185,28700
186,4800
187,24700
188,500
189,25200
190,23700
191,2400
192,2800
193,7100
194,1200
195,30000
196,2800
197,1300
198,24300
199,4100
200,23400
